{
    "predict_bleu-4": 51.4857578,
    "predict_model_preparation_time": 0.0044,
    "predict_rouge-1": 67.8140678,
    "predict_rouge-2": 55.59843639999999,
    "predict_rouge-l": 65.5902682,
    "predict_runtime": 363.6831,
    "predict_samples_per_second": 1.375,
    "predict_steps_per_second": 0.173
}